{
  "storeList": [
    {
      "id": 101,
      "username": "manmadha",
      "email": "manu@gmail.com",
      "password": 12345,
      "phoneno": 1234567,
      "city": "hyd"
    },
    {
      "id": 131,
      "username": "hari",
      "email": "har@gmail.com",
      "password": 456321,
      "phoneno": 7788955,
      "city": "vizag"
    },
    {
      "id": 1111,
      "username": "vedha",
      "email": "vedha@gmail.com",
      "password": "123321",
      "phoneno": "123654789",
      "city": "vizag"
    },
    {
      "id": 222,
      "username": "chandhu",
      "email": "chandhu@gmail.com",
      "password": "chandhu",
      "phoneno": "6789",
      "city": "hyd"
    },
    {
      "id": "12354",
      "username": "shiva",
      "email": "shiva@gamil.com",
      "password": "122345",
      "pincode": "501893",
      "city": "mumbai"
    },
    {
      "id": 14566,
      "username": "mannu",
      "email": "mamandh@gmail.com",
      "password": "45478879",
      "pincode": "513000",
      "city": "kolkata"
    }
  ]
}