{
    "employeeList": [
        {
            "id": 1,
            "name": "chandra",
            "domain": "java",
            "salary": "123"
        },
        {
            "id": 2,
            "name": "prakash",
            "domain": "idm",
            "salary": "122"
        },
        {
            "id": 3,
            "name": "ramesh",
            "domain": "testing",
            "salary": "125"
        },
        {
            "id": 4,
            "name": "shiva",
            "domain": "python",
            "salary": "124"
        }
    ]
}