{
    "users":[
        {
            "id":1,
            "username":"chandra",
            "email":"chandra@gmail.com"

        },
        {
            "id":2,
            "username":"abc",
            "email":"abc@gmail.com"
        },
        {
            "id":3,
            "username":"pqr",
            "email":"pqr@gmail.com"
        },
        {
            "id":4,
            "username":"xyz",
            "email":"xyz@gmail.com"
        },
        {
            "id":5,
            "username":"asd",
            "email":"asd@gmail.com"
        },
        {
            "id":6,
            "username":"qwe",
            "email":"qwe@gmail.com"
        },
        {
            "id":7,
            "username":"pop",
            "email":"pop@gmail.com"
        },
        {
            "id":8,
            "username":"bcs",
            "email":"bcs@gmail.com"
        },
        {
            "id":9,
            "username":"bs",
            "email":"bs@gmail.com"
        },
        {
            "id":10,
            "username":"charan",
            "email":"charan@gmail.com"
        },
        {
            "id":11,
            "username":"ramesh",
            "email":"raemsh@gmail.com"

        },
        {
            "id":12,
            "username":"suresh",
            "email":"suresh@gmail.com"

        }
       
    ]
}